"A new passkey was added to your %store_name account","A new passkey was added to your %store_name account"
"A passkey was removed from your %store_name account","A passkey was removed from your %store_name account"
"A total of %1 passkey(s) have been revoked.","A total of %1 passkey(s) have been revoked."
"Actions","Actions"
"Add a Passkey","Add a Passkey"
"Authentication failed.","Authentication failed."
"Authentication succeeded but token creation failed.","Authentication succeeded but token creation failed."
"Cancel","Cancel"
"Challenge does not belong to this customer.","Challenge does not belong to this customer."
"Challenge has expired.","Challenge has expired."
"Challenge type mismatch.","Challenge type mismatch."
"Could not delete passkey credential: %1","Could not delete passkey credential: %1"
"Could not determine admin domain from base URL.","Could not determine admin domain from base URL."
"Could not save passkey credential: %1","Could not save passkey credential: %1"
"Created","Created"
"Credential ID cannot be empty.","Credential ID cannot be empty."
"Customer Email","Customer Email"
"Customer Passkeys","Customer Passkeys"
"Delete","Delete"
"Delete ""%1""? You will no longer be able to sign in with it.","Delete ""%1""? You will no longer be able to sign in with it."
"Failed to decode authentication options.","Failed to decode authentication options."
"Failed to decode registration options.","Failed to decode registration options."
"Failed to delete passkey.","Failed to delete passkey."
"Failed to rename passkey.","Failed to rename passkey."
"First Name","First Name"
"Give this passkey a name so you can recognize it later:","Give this passkey a name so you can recognize it later:"
"Hi %name,","Hi %name,"
"ID","ID"
"Invalid assertion response.","Invalid assertion response."
"Invalid attestation response.","Invalid attestation response."
"Invalid customer ID for passkey credential.","Invalid customer ID for passkey credential."
"Invalid or expired challenge token.","Invalid or expired challenge token."
"Invalid passkey name.","Invalid passkey name."
"Invalid security token.","Invalid security token."
"Last Name","Last Name"
"Last Used","Last Used"
"Login successful.","Login successful."
"Maximum number of passkeys (%1) reached.","Maximum number of passkeys (%1) reached."
"Missing challenge token or credential data.","Missing challenge token or credential data."
"My Passkeys","My Passkeys"
"Name","Name"
"Never","Never"
"No passkey provider configured for this user.","No passkey provider configured for this user."
"No passkey specified.","No passkey specified."
"No passkeys were revoked.","No passkeys were revoked."
"Not now","Not now"
"Passkey","Passkey"
"Passkey Authentication","Passkey Authentication"
"Passkey Configuration","Passkey Configuration"
"Passkey Name","Passkey Name"
"Passkey authentication is not enabled.","Passkey authentication is not enabled."
"Passkey credential does not exist.","Passkey credential does not exist."
"Passkey credential not found.","Passkey credential not found."
"Passkey credential with ID ""%1"" does not exist.","Passkey credential with ID ""%1"" does not exist."
"Passkey deleted.","Passkey deleted."
"Passkey is not configured for this user.","Passkey is not configured for this user."
"Passkey name","Passkey name"
"Passkey name cannot be empty.","Passkey name cannot be empty."
"Passkey name contains invalid characters.","Passkey name contains invalid characters."
"Passkey name must be 255 characters or fewer.","Passkey name must be 255 characters or fewer."
"Passkey registered successfully.","Passkey registered successfully."
"Passkey registration failed. Please try again.","Passkey registration failed. Please try again."
"Passkey registration verification failed. Please try again.","Passkey registration verification failed. Please try again."
"Passkey registration was cancelled.","Passkey registration was cancelled."
"Passkey renamed.","Passkey renamed."
"Passkey sign-in didn't complete. Please try again.","Passkey sign-in didn't complete. Please try again."
"Passkey sign-in failed.","Passkey sign-in failed."
"Passkey sign-in was cancelled.","Passkey sign-in was cancelled."
"Passkey verification failed. Please try again.","Passkey verification failed. Please try again."
"Passkeys require a secure (HTTPS) connection.","Passkeys require a secure (HTTPS) connection."
"Please sign in to register a passkey.","Please sign in to register a passkey."
"Please sign in.","Please sign in."
"Public key cannot be empty.","Public key cannot be empty."
"Register a Passkey","Register a Passkey"
"Registration failed.","Registration failed."
"Rename","Rename"
"Revoke","Revoke"
"Revoke passkey","Revoke passkey"
"Revoke selected passkeys","Revoke selected passkeys"
"Revoke the passkey ""%1"" for %2? The customer will no longer be able to sign in with it.","Revoke the passkey ""%1"" for %2? The customer will no longer be able to sign in with it."
"Revoke the selected passkeys? Customers will no longer be able to sign in with them, and each affected customer will be notified by email.","Revoke the selected passkeys? Customers will no longer be able to sign in with them, and each affected customer will be notified by email."
"Save","Save"
"Server error. Please try again.","Server error. Please try again."
"Session expired. Please sign in again.","Session expired. Please sign in again."
"Set up","Set up"
"Set up a Passkey","Set up a Passkey"
"Sign count cannot be negative.","Sign count cannot be negative."
"Sign in faster with a passkey","Sign in faster with a passkey"
"Sign in with Passkey","Sign in with Passkey"
"Signed in. One moment…","Signed in. One moment…"
"The current customer isn't authorized.","The current customer isn't authorized."
"The passkey has been revoked.","The passkey has been revoked."
"This device already has a passkey for your account. Try signing in with it instead.","This device already has a passkey for your account. Try signing in with it instead."
"This passkey no longer exists.","This passkey no longer exists."
"Too many failed passkey attempts. Please try again later.","Too many failed passkey attempts. Please try again later."
"Too many passkey requests. Please try again later.","Too many passkey requests. Please try again later."
"Transports","Transports"
"Unable to delete passkey. Please try again.","Unable to delete passkey. Please try again."
"Unable to generate authentication options.","Unable to generate authentication options."
"Unable to generate authentication options. Please try again.","Unable to generate authentication options. Please try again."
"Unable to generate registration options.","Unable to generate registration options."
"Unable to generate registration options. Please try again.","Unable to generate registration options. Please try again."
"Unable to rename passkey. Please try again.","Unable to rename passkey. Please try again."
"Unable to revoke the passkey. Please try again.","Unable to revoke the passkey. Please try again."
"Unable to revoke the selected passkeys.","Unable to revoke the selected passkeys."
"Unable to sign in with passkey. Please use your password.","Unable to sign in with passkey. Please use your password."
"Unnamed passkey","Unnamed passkey"
"Use your fingerprint, face, or security key for quick and secure sign-in.","Use your fingerprint, face, or security key for quick and secure sign-in."
"Uses","Uses"
"Waiting for your passkey…","Waiting for your passkey…"
"You are not authorized to manage this passkey.","You are not authorized to manage this passkey."
"You have no passkeys registered. Passkeys let you sign in quickly and securely using your device biometrics or a security key.","You have no passkeys registered. Passkeys let you sign in quickly and securely using your device biometrics or a security key."
"Your browser does not support passkeys.","Your browser does not support passkeys."
"challenge_token and assertion_response are required.","challenge_token and assertion_response are required."
"challenge_token and attestation_response are required.","challenge_token and attestation_response are required."
"or","or"
"this passkey","this passkey"
